Date,Last trade price,Max,Min,1 Day SMA,1 Week SMA,1 Month SMA,1 Day SMA Signals,1 Week SMA Signals,1 Month SMA Signals,1 Day EMA,1 Week EMA,1 Month EMA,1 Day EMA Signals,1 Week EMA Signals,1 Month EMA Signals,1 Day HMA,1 Week HMA,1 Month HMA,1 Day HMA Signals,1 Week HMA Signals,1 Month HMA Signals,1 Day WMA,1 Week WMA,1 Month WMA,1 Day WMA Signals,1 Week WMA Signals,1 Month WMA Signals,1 Day TEMA,1 Week TEMA,1 Month TEMA,1 Day TEMA Signals,1 Week TEMA Signals,1 Month TEMA Signals,1 Day RSI,1 Week RSI,1 Month RSI,1 Day RSI Signals,1 Week RSI Signals,1 Month RSI Signals,1 Day STOCH,1 Week STOCH,1 Month STOCH,1 Day STOCH Signals,1 Week Signals,1 Week STOCH Signals,1 Month Signals,1 Month STOCH Signals,1 Day CCI,1 Week CCI,1 Month CCI,1 Day CCI Signals,1 Week CCI Signals,1 Month CCI Signals,1 Day CMO,1 Week CMO,1 Month CMO,1 Day CMO Signals,1 Week CMO Signals,1 Month CMO Signals,1 Day Williams %R,1 Week Williams %R,1 Month Williams %R,1 Day Williams %R Signals,1 Week Williams %R Signals,1 Month Williams %R Signals
05/30/2024,,,,,,,Hold,Hold,Hold,,,,Hold,Hold,Hold,,,,Hold,Hold,Hold,,,,Hold,Hold,Hold,,,,Hold,Hold,Hold,,,,Hold,Hold,Hold,,,,Hold,Hold,,Hold,,,,,Hold,Hold,Hold,,,,Hold,Hold,Hold,,,,Hold,Hold,Hold
05/31/2024,615.0,615.0,615.0,615.0,,,Hold,Hold,Hold,615.0,615.0,615.0,Hold,Hold,Hold,,,,Hold,Hold,Hold,615.0,,,Hold,Hold,Hold,615.0,,,Hold,Hold,Hold,,,,Hold,Hold,Hold,,,,Hold,Hold,,Hold,,,,,Hold,Hold,Hold,,,,Hold,Hold,Hold,,,,Hold,Hold,Hold
06/03/2024,615.0,615.0,615.0,615.0,,,Hold,Hold,Hold,615.0,615.0,615.0,Hold,Hold,Hold,,,,Hold,Hold,Hold,615.0,,,Hold,Hold,Hold,615.0,,,Hold,Hold,Hold,,,,Hold,Hold,Hold,,,,Hold,Hold,,Hold,,,,,Hold,Hold,Hold,,,,Hold,Hold,Hold,,,,Hold,Hold,Hold
06/04/2024,615.0,615.0,615.0,615.0,,,Hold,Hold,Hold,615.0,615.0,615.0,Hold,Hold,Hold,,,,Hold,Hold,Hold,615.0,,,Hold,Hold,Hold,615.0,,,Hold,Hold,Hold,,,,Hold,Hold,Hold,,,,Hold,Hold,,Hold,,,,,Hold,Hold,Hold,,,,Hold,Hold,Hold,,,,Hold,Hold,Hold
06/05/2024,615.0,615.0,615.0,615.0,,,Hold,Hold,Hold,615.0,615.0,615.0,Hold,Hold,Hold,,,,Hold,Hold,Hold,615.0,,,Hold,Hold,Hold,615.0,,,Hold,Hold,Hold,,,,Hold,Hold,Hold,,,,Hold,Hold,,Hold,,,,,Hold,Hold,Hold,,,,Hold,Hold,Hold,,,,Hold,Hold,Hold
06/06/2024,615.0,615.0,615.0,615.0,,,Hold,Hold,Hold,615.0,615.0,615.0,Hold,Hold,Hold,,,,Hold,Hold,Hold,615.0,,,Hold,Hold,Hold,615.0,,,Hold,Hold,Hold,,,,Hold,Hold,Hold,,,,Hold,Hold,,Hold,,,,,Hold,Hold,Hold,,,,Hold,Hold,Hold,,,,Hold,Hold,Hold
06/07/2024,615.0,615.0,615.0,615.0,,,Hold,Hold,Hold,615.0,615.0,615.0,Hold,Hold,Hold,,,,Hold,Hold,Hold,615.0,,,Hold,Hold,Hold,615.0,615.0,,Hold,Hold,Hold,,,,Hold,Hold,Hold,,,,Hold,Hold,,Hold,,,,,Hold,Hold,Hold,,,,Hold,Hold,Hold,,,,Hold,Hold,Hold
06/10/2024,615.0,615.0,615.0,615.0,615.0,,Hold,Hold,Hold,615.0,615.0,615.0,Hold,Hold,Hold,,,,Hold,Hold,Hold,615.0,615.0,,Hold,Hold,Hold,615.0,615.0,,Hold,Hold,Hold,,,,Hold,Hold,Hold,,,,Hold,Hold,,Hold,,,,,Hold,Hold,Hold,,,,Hold,Hold,Hold,,,,Hold,Hold,Hold
06/11/2024,615.0,615.0,615.0,615.0,615.0,,Hold,Hold,Hold,615.0,615.0,615.0,Hold,Hold,Hold,,615.0,,Hold,Hold,Hold,615.0,615.0,,Hold,Hold,Hold,615.0,615.0,,Hold,Hold,Hold,,,,Hold,Hold,Hold,,,,Hold,Hold,,Hold,,,,,Hold,Hold,Hold,,,,Hold,Hold,Hold,,,,Hold,Hold,Hold
06/12/2024,615.0,615.0,615.0,615.0,615.0,,Hold,Hold,Hold,615.0,615.0,615.0,Hold,Hold,Hold,,615.0,,Hold,Hold,Hold,615.0,615.0,,Hold,Hold,Hold,615.0,615.0,,Hold,Hold,Hold,,,,Hold,Hold,Hold,,,,Hold,Hold,,Hold,,,,,Hold,Hold,Hold,,,,Hold,Hold,Hold,,,,Hold,Hold,Hold
06/13/2024,615.0,615.0,615.0,615.0,615.0,,Hold,Hold,Hold,615.0,615.0,615.0,Hold,Hold,Hold,615.0,615.0,,Hold,Hold,Hold,615.0,615.0,,Hold,Hold,Hold,615.0,615.0,,Hold,Hold,Hold,,,,Hold,Hold,Hold,,,,Hold,Hold,,Hold,,,,,Hold,Hold,Hold,,,,Hold,Hold,Hold,,,,Hold,Hold,Hold
06/14/2024,615.0,615.0,615.0,615.0,615.0,,Hold,Hold,Hold,615.0,615.0,615.0,Hold,Hold,Hold,615.0,615.0,,Hold,Hold,Hold,615.0,615.0,,Hold,Hold,Hold,615.0,615.0,,Hold,Hold,Hold,,,,Hold,Hold,Hold,,,,Hold,Hold,,Hold,,,,,Hold,Hold,Hold,,,,Hold,Hold,Hold,,,,Hold,Hold,Hold
06/17/2024,615.0,615.0,615.0,615.0,615.0,,Hold,Hold,Hold,615.0,615.0,615.0,Hold,Hold,Hold,615.0,615.0,,Hold,Hold,Hold,615.0,615.0,,Hold,Hold,Hold,615.0,615.0,,Hold,Hold,Hold,,,,Hold,Hold,Hold,,,,Hold,Hold,,Hold,,,,,Hold,Hold,Hold,,,,Hold,Hold,Hold,,,,Hold,Hold,Hold
06/18/2024,615.0,615.0,615.0,615.0,615.0,,Hold,Hold,Hold,615.0,615.0,615.0,Hold,Hold,Hold,615.0,615.0,,Hold,Hold,Hold,615.0,615.0,,Hold,Hold,Hold,615.0,615.0,,Hold,Hold,Hold,,,,Hold,Hold,Hold,,,,Hold,Hold,,Hold,,,,,Hold,Hold,Hold,,,,Hold,Hold,Hold,,,,Hold,Hold,Hold
06/19/2024,615.0,615.0,615.0,615.0,615.0,,Hold,Hold,Hold,615.0,615.0,615.0,Hold,Hold,Hold,615.0,615.0,,Hold,Hold,Hold,615.0,615.0,,Hold,Hold,Hold,615.0,615.0,,Hold,Hold,Hold,,,,Hold,Hold,Hold,,,,Hold,Hold,,Hold,,,,,Hold,Hold,Hold,,,,Hold,Hold,Hold,,,,Hold,Hold,Hold
06/20/2024,615.0,615.0,615.0,615.0,615.0,,Hold,Hold,Hold,615.0,615.0,615.0,Hold,Hold,Hold,615.0,615.0,,Hold,Hold,Hold,615.0,615.0,,Hold,Hold,Hold,615.0,615.0,,Hold,Hold,Hold,,,,Hold,Hold,Hold,,,,Hold,Hold,,Hold,,,,,Hold,Hold,Hold,,,,Hold,Hold,Hold,,,,Hold,Hold,Hold
06/24/2024,615.0,615.0,615.0,615.0,615.0,,Hold,Hold,Hold,615.0,615.0,615.0,Hold,Hold,Hold,615.0,615.0,,Hold,Hold,Hold,615.0,615.0,,Hold,Hold,Hold,615.0,615.0,,Hold,Hold,Hold,,,,Hold,Hold,Hold,,,,Hold,Hold,,Hold,,,,,Hold,Hold,Hold,,,,Hold,Hold,Hold,,,,Hold,Hold,Hold
06/25/2024,615.0,615.0,615.0,615.0,615.0,,Hold,Hold,Hold,615.0,615.0,615.0,Hold,Hold,Hold,615.0,615.0,,Hold,Hold,Hold,615.0,615.0,,Hold,Hold,Hold,615.0,615.0,,Hold,Hold,Hold,,,,Hold,Hold,Hold,,,,Hold,Hold,,Hold,,,,,Hold,Hold,Hold,,,,Hold,Hold,Hold,,,,Hold,Hold,Hold
06/26/2024,615.0,615.0,615.0,615.0,615.0,,Hold,Hold,Hold,615.0,615.0,615.0,Hold,Hold,Hold,615.0,615.0,,Hold,Hold,Hold,615.0,615.0,,Hold,Hold,Hold,615.0,615.0,,Hold,Hold,Hold,,,,Hold,Hold,Hold,,,,Hold,Hold,,Hold,,,,,Hold,Hold,Hold,,,,Hold,Hold,Hold,,,,Hold,Hold,Hold
06/27/2024,615.0,615.0,615.0,615.0,615.0,,Hold,Hold,Hold,615.0,615.0,615.0,Hold,Hold,Hold,615.0,615.0,,Hold,Hold,Hold,615.0,615.0,,Hold,Hold,Hold,615.0,615.0,,Hold,Hold,Hold,,,,Hold,Hold,Hold,,,,Hold,Hold,,Hold,,,,,Hold,Hold,Hold,,,,Hold,Hold,Hold,,,,Hold,Hold,Hold
06/28/2024,615.0,615.0,615.0,615.0,615.0,,Hold,Hold,Hold,615.0,615.0,615.0,Hold,Hold,Hold,615.0,615.0,,Hold,Hold,Hold,615.0,615.0,,Hold,Hold,Hold,615.0,615.0,,Hold,Hold,Hold,,,,Hold,Hold,Hold,,,,Hold,Hold,,Hold,,,,,Hold,Hold,Hold,,,,Hold,Hold,Hold,,,,Hold,Hold,Hold
07/01/2024,615.0,615.0,615.0,615.0,615.0,,Hold,Hold,Hold,615.0,615.0,615.0,Hold,Hold,Hold,615.0,615.0,,Hold,Hold,Hold,615.0,615.0,,Hold,Hold,Hold,615.0,615.0,,Hold,Hold,Hold,,,,Hold,Hold,Hold,,,,Hold,Hold,,Hold,,,,,Hold,Hold,Hold,,,,Hold,Hold,Hold,,,,Hold,Hold,Hold
07/02/2024,615.0,615.0,615.0,615.0,615.0,,Hold,Hold,Hold,615.0,615.0,615.0,Hold,Hold,Hold,615.0,615.0,,Hold,Hold,Hold,615.0,615.0,,Hold,Hold,Hold,615.0,615.0,,Hold,Hold,Hold,,,,Hold,Hold,Hold,,,,Hold,Hold,,Hold,,,,,Hold,Hold,Hold,,,,Hold,Hold,Hold,,,,Hold,Hold,Hold
07/03/2024,615.0,615.0,615.0,615.0,615.0,,Hold,Hold,Hold,615.0,615.0,615.0,Hold,Hold,Hold,615.0,615.0,,Hold,Hold,Hold,615.0,615.0,,Hold,Hold,Hold,615.0,615.0,,Hold,Hold,Hold,,,,Hold,Hold,Hold,,,,Hold,Hold,,Hold,,,,,Hold,Hold,Hold,,,,Hold,Hold,Hold,,,,Hold,Hold,Hold
07/04/2024,615.0,615.0,615.0,615.0,615.0,,Hold,Hold,Hold,615.0,615.0,615.0,Hold,Hold,Hold,615.0,615.0,,Hold,Hold,Hold,615.0,615.0,,Hold,Hold,Hold,615.0,615.0,,Hold,Hold,Hold,,,,Hold,Hold,Hold,,,,Hold,Hold,,Hold,,,,,Hold,Hold,Hold,,,,Hold,Hold,Hold,,,,Hold,Hold,Hold
07/05/2024,615.0,615.0,615.0,615.0,615.0,,Hold,Hold,Hold,615.0,615.0,615.0,Hold,Hold,Hold,615.0,615.0,,Hold,Hold,Hold,615.0,615.0,,Hold,Hold,Hold,615.0,615.0,,Hold,Hold,Hold,,,,Hold,Hold,Hold,,,,Hold,Hold,,Hold,,,,,Hold,Hold,Hold,,,,Hold,Hold,Hold,,,,Hold,Hold,Hold
07/08/2024,615.0,615.0,615.0,615.0,615.0,,Hold,Hold,Hold,615.0,615.0,615.0,Hold,Hold,Hold,615.0,615.0,,Hold,Hold,Hold,615.0,615.0,,Hold,Hold,Hold,615.0,615.0,,Hold,Hold,Hold,,,,Hold,Hold,Hold,,,,Hold,Hold,,Hold,,,,,Hold,Hold,Hold,,,,Hold,Hold,Hold,,,,Hold,Hold,Hold
07/09/2024,615.0,615.0,615.0,615.0,615.0,,Hold,Hold,Hold,615.0,615.0,615.0,Hold,Hold,Hold,615.0,615.0,,Hold,Hold,Hold,615.0,615.0,,Hold,Hold,Hold,615.0,615.0,,Hold,Hold,Hold,,,,Hold,Hold,Hold,,,,Hold,Hold,,Hold,,,,,Hold,Hold,Hold,,,,Hold,Hold,Hold,,,,Hold,Hold,Hold
07/10/2024,615.0,615.0,615.0,615.0,615.0,,Hold,Hold,Hold,615.0,615.0,615.0,Hold,Hold,Hold,615.0,615.0,,Hold,Hold,Hold,615.0,615.0,,Hold,Hold,Hold,615.0,615.0,,Hold,Hold,Hold,,,,Hold,Hold,Hold,,,,Hold,Hold,,Hold,,,,,Hold,Hold,Hold,,,,Hold,Hold,Hold,,,,Hold,Hold,Hold
07/11/2024,615.0,615.0,615.0,615.0,615.0,,Hold,Hold,Hold,615.0,615.0,615.0,Hold,Hold,Hold,615.0,615.0,,Hold,Hold,Hold,615.0,615.0,,Hold,Hold,Hold,615.0,615.0,615.0,Hold,Hold,Hold,,,,Hold,Hold,Hold,,,,Hold,Hold,,Hold,,,,,Hold,Hold,Hold,,,,Hold,Hold,Hold,,,,Hold,Hold,Hold
07/12/2024,615.0,615.0,615.0,615.0,615.0,615.0,Hold,Hold,Hold,615.0,615.0,615.0,Hold,Hold,Hold,615.0,615.0,,Hold,Hold,Hold,615.0,615.0,615.0,Hold,Hold,Hold,615.0,615.0,615.0,Hold,Hold,Hold,,,,Hold,Hold,Hold,,,,Hold,Hold,,Hold,,,,,Hold,Hold,Hold,,,,Hold,Hold,Hold,,,,Hold,Hold,Hold
07/15/2024,615.0,615.0,615.0,615.0,615.0,615.0,Hold,Hold,Hold,615.0,615.0,615.0,Hold,Hold,Hold,615.0,615.0,,Hold,Hold,Hold,615.0,615.0,615.0,Hold,Hold,Hold,615.0,615.0,615.0,Hold,Hold,Hold,,,,Hold,Hold,Hold,,,,Hold,Hold,,Hold,,,,,Hold,Hold,Hold,,,,Hold,Hold,Hold,,,,Hold,Hold,Hold
07/16/2024,615.0,615.0,615.0,615.0,615.0,615.0,Hold,Hold,Hold,615.0,615.0,615.0,Hold,Hold,Hold,615.0,615.0,,Hold,Hold,Hold,615.0,615.0,615.0,Hold,Hold,Hold,615.0,615.0,615.0,Hold,Hold,Hold,,,,Hold,Hold,Hold,,,,Hold,Hold,,Hold,,,,,Hold,Hold,Hold,,,,Hold,Hold,Hold,,,,Hold,Hold,Hold
07/17/2024,615.0,615.0,615.0,615.0,615.0,615.0,Hold,Hold,Hold,615.0,615.0,615.0,Hold,Hold,Hold,615.0,615.0,,Hold,Hold,Hold,615.0,615.0,615.0,Hold,Hold,Hold,615.0,615.0,615.0,Hold,Hold,Hold,,,,Hold,Hold,Hold,,,,Hold,Hold,,Hold,,,,,Hold,Hold,Hold,,,,Hold,Hold,Hold,,,,Hold,Hold,Hold
07/18/2024,615.0,615.0,615.0,615.0,615.0,615.0,Hold,Hold,Hold,615.0,615.0,615.0,Hold,Hold,Hold,615.0,615.0,615.0,Hold,Hold,Hold,615.0,615.0,615.0,Hold,Hold,Hold,615.0,615.0,615.0,Hold,Hold,Hold,,,,Hold,Hold,Hold,,,,Hold,Hold,,Hold,,,,,Hold,Hold,Hold,,,,Hold,Hold,Hold,,,,Hold,Hold,Hold
07/19/2024,615.0,615.0,615.0,615.0,615.0,615.0,Hold,Hold,Hold,615.0,615.0,615.0,Hold,Hold,Hold,615.0,615.0,615.0,Hold,Hold,Hold,615.0,615.0,615.0,Hold,Hold,Hold,615.0,615.0,615.0,Hold,Hold,Hold,,,,Hold,Hold,Hold,,,,Hold,Hold,,Hold,,,,,Hold,Hold,Hold,,,,Hold,Hold,Hold,,,,Hold,Hold,Hold
07/22/2024,615.0,615.0,615.0,615.0,615.0,615.0,Hold,Hold,Hold,615.0,615.0,615.0,Hold,Hold,Hold,615.0,615.0,615.0,Hold,Hold,Hold,615.0,615.0,615.0,Hold,Hold,Hold,615.0,615.0,615.0,Hold,Hold,Hold,,,,Hold,Hold,Hold,,,,Hold,Hold,,Hold,,,,,Hold,Hold,Hold,,,,Hold,Hold,Hold,,,,Hold,Hold,Hold
07/23/2024,615.0,615.0,615.0,615.0,615.0,615.0,Hold,Hold,Hold,615.0,615.0,615.0,Hold,Hold,Hold,615.0,615.0,615.0,Hold,Hold,Hold,615.0,615.0,615.0,Hold,Hold,Hold,615.0,615.0,615.0,Hold,Hold,Hold,,,,Hold,Hold,Hold,,,,Hold,Hold,,Hold,,,,,Hold,Hold,Hold,,,,Hold,Hold,Hold,,,,Hold,Hold,Hold
07/24/2024,615.0,615.0,615.0,615.0,615.0,615.0,Hold,Hold,Hold,615.0,615.0,615.0,Hold,Hold,Hold,615.0,615.0,615.0,Hold,Hold,Hold,615.0,615.0,615.0,Hold,Hold,Hold,615.0,615.0,615.0,Hold,Hold,Hold,,,,Hold,Hold,Hold,,,,Hold,Hold,,Hold,,,,,Hold,Hold,Hold,,,,Hold,Hold,Hold,,,,Hold,Hold,Hold
07/25/2024,615.0,615.0,615.0,615.0,615.0,615.0,Hold,Hold,Hold,615.0,615.0,615.0,Hold,Hold,Hold,615.0,615.0,615.0,Hold,Hold,Hold,615.0,615.0,615.0,Hold,Hold,Hold,615.0,615.0,615.0,Hold,Hold,Hold,,,,Hold,Hold,Hold,,,,Hold,Hold,,Hold,,,,,Hold,Hold,Hold,,,,Hold,Hold,Hold,,,,Hold,Hold,Hold
07/26/2024,615.0,615.0,615.0,615.0,615.0,615.0,Hold,Hold,Hold,615.0,615.0,615.0,Hold,Hold,Hold,615.0,615.0,615.0,Hold,Hold,Hold,615.0,615.0,615.0,Hold,Hold,Hold,615.0,615.0,615.0,Hold,Hold,Hold,,,,Hold,Hold,Hold,,,,Hold,Hold,,Hold,,,,,Hold,Hold,Hold,,,,Hold,Hold,Hold,,,,Hold,Hold,Hold
07/29/2024,615.0,615.0,615.0,615.0,615.0,615.0,Hold,Hold,Hold,615.0,615.0,615.0,Hold,Hold,Hold,615.0,615.0,615.0,Hold,Hold,Hold,615.0,615.0,615.0,Hold,Hold,Hold,615.0,615.0,615.0,Hold,Hold,Hold,,,,Hold,Hold,Hold,,,,Hold,Hold,,Hold,,,,,Hold,Hold,Hold,,,,Hold,Hold,Hold,,,,Hold,Hold,Hold
07/30/2024,615.0,615.0,615.0,615.0,615.0,615.0,Hold,Hold,Hold,615.0,615.0,615.0,Hold,Hold,Hold,615.0,615.0,615.0,Hold,Hold,Hold,615.0,615.0,615.0,Hold,Hold,Hold,615.0,615.0,615.0,Hold,Hold,Hold,,,,Hold,Hold,Hold,,,,Hold,Hold,,Hold,,,,,Hold,Hold,Hold,,,,Hold,Hold,Hold,,,,Hold,Hold,Hold
07/31/2024,615.0,615.0,615.0,615.0,615.0,615.0,Hold,Hold,Hold,615.0,615.0,615.0,Hold,Hold,Hold,615.0,615.0,615.0,Hold,Hold,Hold,615.0,615.0,615.0,Hold,Hold,Hold,615.0,615.0,615.0,Hold,Hold,Hold,,,,Hold,Hold,Hold,,,,Hold,Hold,,Hold,,,,,Hold,Hold,Hold,,,,Hold,Hold,Hold,,,,Hold,Hold,Hold
08/01/2024,615.0,615.0,615.0,615.0,615.0,615.0,Hold,Hold,Hold,615.0,615.0,615.0,Hold,Hold,Hold,615.0,615.0,615.0,Hold,Hold,Hold,615.0,615.0,615.0,Hold,Hold,Hold,615.0,615.0,615.0,Hold,Hold,Hold,,,,Hold,Hold,Hold,,,,Hold,Hold,,Hold,,,,,Hold,Hold,Hold,,,,Hold,Hold,Hold,,,,Hold,Hold,Hold
08/05/2024,615.0,615.0,615.0,615.0,615.0,615.0,Hold,Hold,Hold,615.0,615.0,615.0,Hold,Hold,Hold,615.0,615.0,615.0,Hold,Hold,Hold,615.0,615.0,615.0,Hold,Hold,Hold,615.0,615.0,615.0,Hold,Hold,Hold,,,,Hold,Hold,Hold,,,,Hold,Hold,,Hold,,,,,Hold,Hold,Hold,,,,Hold,Hold,Hold,,,,Hold,Hold,Hold
08/06/2024,615.0,615.0,615.0,615.0,615.0,615.0,Hold,Hold,Hold,615.0,615.0,615.0,Hold,Hold,Hold,615.0,615.0,615.0,Hold,Hold,Hold,615.0,615.0,615.0,Hold,Hold,Hold,615.0,615.0,615.0,Hold,Hold,Hold,,,,Hold,Hold,Hold,,,,Hold,Hold,,Hold,,,,,Hold,Hold,Hold,,,,Hold,Hold,Hold,,,,Hold,Hold,Hold
08/07/2024,615.0,615.0,615.0,615.0,615.0,615.0,Hold,Hold,Hold,615.0,615.0,615.0,Hold,Hold,Hold,615.0,615.0,615.0,Hold,Hold,Hold,615.0,615.0,615.0,Hold,Hold,Hold,615.0,615.0,615.0,Hold,Hold,Hold,,,,Hold,Hold,Hold,,,,Hold,Hold,,Hold,,,,,Hold,Hold,Hold,,,,Hold,Hold,Hold,,,,Hold,Hold,Hold
08/08/2024,615.0,615.0,615.0,615.0,615.0,615.0,Hold,Hold,Hold,615.0,615.0,615.0,Hold,Hold,Hold,615.0,615.0,615.0,Hold,Hold,Hold,615.0,615.0,615.0,Hold,Hold,Hold,615.0,615.0,615.0,Hold,Hold,Hold,,,,Hold,Hold,Hold,,,,Hold,Hold,,Hold,,,,,Hold,Hold,Hold,,,,Hold,Hold,Hold,,,,Hold,Hold,Hold
08/09/2024,615.0,615.0,615.0,615.0,615.0,615.0,Hold,Hold,Hold,615.0,615.0,615.0,Hold,Hold,Hold,615.0,615.0,615.0,Hold,Hold,Hold,615.0,615.0,615.0,Hold,Hold,Hold,615.0,615.0,615.0,Hold,Hold,Hold,,,,Hold,Hold,Hold,,,,Hold,Hold,,Hold,,,,,Hold,Hold,Hold,,,,Hold,Hold,Hold,,,,Hold,Hold,Hold
08/12/2024,615.0,615.0,615.0,615.0,615.0,615.0,Hold,Hold,Hold,615.0,615.0,615.0,Hold,Hold,Hold,615.0,615.0,615.0,Hold,Hold,Hold,615.0,615.0,615.0,Hold,Hold,Hold,615.0,615.0,615.0,Hold,Hold,Hold,,,,Hold,Hold,Hold,,,,Hold,Hold,,Hold,,,,,Hold,Hold,Hold,,,,Hold,Hold,Hold,,,,Hold,Hold,Hold
08/13/2024,615.0,615.0,615.0,615.0,615.0,615.0,Hold,Hold,Hold,615.0,615.0,615.0,Hold,Hold,Hold,615.0,615.0,615.0,Hold,Hold,Hold,615.0,615.0,615.0,Hold,Hold,Hold,615.0,615.0,615.0,Hold,Hold,Hold,,,,Hold,Hold,Hold,,,,Hold,Hold,,Hold,,,,,Hold,Hold,Hold,,,,Hold,Hold,Hold,,,,Hold,Hold,Hold
08/14/2024,615.0,615.0,615.0,615.0,615.0,615.0,Hold,Hold,Hold,615.0,615.0,615.0,Hold,Hold,Hold,615.0,615.0,615.0,Hold,Hold,Hold,615.0,615.0,615.0,Hold,Hold,Hold,615.0,615.0,615.0,Hold,Hold,Hold,,,,Hold,Hold,Hold,,,,Hold,Hold,,Hold,,,,,Hold,Hold,Hold,,,,Hold,Hold,Hold,,,,Hold,Hold,Hold
08/15/2024,615.0,615.0,615.0,615.0,615.0,615.0,Hold,Hold,Hold,615.0,615.0,615.0,Hold,Hold,Hold,615.0,615.0,615.0,Hold,Hold,Hold,615.0,615.0,615.0,Hold,Hold,Hold,615.0,615.0,615.0,Hold,Hold,Hold,,,,Hold,Hold,Hold,,,,Hold,Hold,,Hold,,,,,Hold,Hold,Hold,,,,Hold,Hold,Hold,,,,Hold,Hold,Hold
08/16/2024,615.0,615.0,615.0,615.0,615.0,615.0,Hold,Hold,Hold,615.0,615.0,615.0,Hold,Hold,Hold,615.0,615.0,615.0,Hold,Hold,Hold,615.0,615.0,615.0,Hold,Hold,Hold,615.0,615.0,615.0,Hold,Hold,Hold,,,,Hold,Hold,Hold,,,,Hold,Hold,,Hold,,,,,Hold,Hold,Hold,,,,Hold,Hold,Hold,,,,Hold,Hold,Hold
08/19/2024,615.0,615.0,615.0,615.0,615.0,615.0,Hold,Hold,Hold,615.0,615.0,615.0,Hold,Hold,Hold,615.0,615.0,615.0,Hold,Hold,Hold,615.0,615.0,615.0,Hold,Hold,Hold,615.0,615.0,615.0,Hold,Hold,Hold,,,,Hold,Hold,Hold,,,,Hold,Hold,,Hold,,,,,Hold,Hold,Hold,,,,Hold,Hold,Hold,,,,Hold,Hold,Hold
08/20/2024,615.0,615.0,615.0,615.0,615.0,615.0,Hold,Hold,Hold,615.0,615.0,615.0,Hold,Hold,Hold,615.0,615.0,615.0,Hold,Hold,Hold,615.0,615.0,615.0,Hold,Hold,Hold,615.0,615.0,615.0,Hold,Hold,Hold,,,,Hold,Hold,Hold,,,,Hold,Hold,,Hold,,,,,Hold,Hold,Hold,,,,Hold,Hold,Hold,,,,Hold,Hold,Hold
08/21/2024,615.0,615.0,615.0,615.0,615.0,615.0,Hold,Hold,Hold,615.0,615.0,615.0,Hold,Hold,Hold,615.0,615.0,615.0,Hold,Hold,Hold,615.0,615.0,615.0,Hold,Hold,Hold,615.0,615.0,615.0,Hold,Hold,Hold,,,,Hold,Hold,Hold,,,,Hold,Hold,,Hold,,,,,Hold,Hold,Hold,,,,Hold,Hold,Hold,,,,Hold,Hold,Hold
08/22/2024,615.0,615.0,615.0,615.0,615.0,615.0,Hold,Hold,Hold,615.0,615.0,615.0,Hold,Hold,Hold,615.0,615.0,615.0,Hold,Hold,Hold,615.0,615.0,615.0,Hold,Hold,Hold,615.0,615.0,615.0,Hold,Hold,Hold,,,,Hold,Hold,Hold,,,,Hold,Hold,,Hold,,,,,Hold,Hold,Hold,,,,Hold,Hold,Hold,,,,Hold,Hold,Hold
08/23/2024,615.0,615.0,615.0,615.0,615.0,615.0,Hold,Hold,Hold,615.0,615.0,615.0,Hold,Hold,Hold,615.0,615.0,615.0,Hold,Hold,Hold,615.0,615.0,615.0,Hold,Hold,Hold,615.0,615.0,615.0,Hold,Hold,Hold,,,,Hold,Hold,Hold,,,,Hold,Hold,,Hold,,,,,Hold,Hold,Hold,,,,Hold,Hold,Hold,,,,Hold,Hold,Hold
08/26/2024,615.0,615.0,615.0,615.0,615.0,615.0,Hold,Hold,Hold,615.0,615.0,615.0,Hold,Hold,Hold,615.0,615.0,615.0,Hold,Hold,Hold,615.0,615.0,615.0,Hold,Hold,Hold,615.0,615.0,615.0,Hold,Hold,Hold,,,,Hold,Hold,Hold,,,,Hold,Hold,,Hold,,,,,Hold,Hold,Hold,,,,Hold,Hold,Hold,,,,Hold,Hold,Hold
08/27/2024,615.0,615.0,615.0,615.0,615.0,615.0,Hold,Hold,Hold,615.0,615.0,615.0,Hold,Hold,Hold,615.0,615.0,615.0,Hold,Hold,Hold,615.0,615.0,615.0,Hold,Hold,Hold,615.0,615.0,615.0,Hold,Hold,Hold,,,,Hold,Hold,Hold,,,,Hold,Hold,,Hold,,,,,Hold,Hold,Hold,,,,Hold,Hold,Hold,,,,Hold,Hold,Hold
08/29/2024,615.0,615.0,615.0,615.0,615.0,615.0,Hold,Hold,Hold,615.0,615.0,615.0,Hold,Hold,Hold,615.0,615.0,615.0,Hold,Hold,Hold,615.0,615.0,615.0,Hold,Hold,Hold,615.0,615.0,615.0,Hold,Hold,Hold,,,,Hold,Hold,Hold,,,,Hold,Hold,,Hold,,,,,Hold,Hold,Hold,,,,Hold,Hold,Hold,,,,Hold,Hold,Hold
08/30/2024,615.0,615.0,615.0,615.0,615.0,615.0,Hold,Hold,Hold,615.0,615.0,615.0,Hold,Hold,Hold,615.0,615.0,615.0,Hold,Hold,Hold,615.0,615.0,615.0,Hold,Hold,Hold,615.0,615.0,615.0,Hold,Hold,Hold,,,,Hold,Hold,Hold,,,,Hold,Hold,,Hold,,,,,Hold,Hold,Hold,,,,Hold,Hold,Hold,,,,Hold,Hold,Hold
09/02/2024,615.0,615.0,615.0,615.0,615.0,615.0,Hold,Hold,Hold,615.0,615.0,615.0,Hold,Hold,Hold,615.0,615.0,615.0,Hold,Hold,Hold,615.0,615.0,615.0,Hold,Hold,Hold,615.0,615.0,615.0,Hold,Hold,Hold,,,,Hold,Hold,Hold,,,,Hold,Hold,,Hold,,,,,Hold,Hold,Hold,,,,Hold,Hold,Hold,,,,Hold,Hold,Hold
09/03/2024,615.0,615.0,615.0,615.0,615.0,615.0,Hold,Hold,Hold,615.0,615.0,615.0,Hold,Hold,Hold,615.0,615.0,615.0,Hold,Hold,Hold,615.0,615.0,615.0,Hold,Hold,Hold,615.0,615.0,615.0,Hold,Hold,Hold,,,,Hold,Hold,Hold,,,,Hold,Hold,,Hold,,,,,Hold,Hold,Hold,,,,Hold,Hold,Hold,,,,Hold,Hold,Hold
09/04/2024,615.0,615.0,615.0,615.0,615.0,615.0,Hold,Hold,Hold,615.0,615.0,615.0,Hold,Hold,Hold,615.0,615.0,615.0,Hold,Hold,Hold,615.0,615.0,615.0,Hold,Hold,Hold,615.0,615.0,615.0,Hold,Hold,Hold,,,,Hold,Hold,Hold,,,,Hold,Hold,,Hold,,,,,Hold,Hold,Hold,,,,Hold,Hold,Hold,,,,Hold,Hold,Hold
09/05/2024,615.0,615.0,615.0,615.0,615.0,615.0,Hold,Hold,Hold,615.0,615.0,615.0,Hold,Hold,Hold,615.0,615.0,615.0,Hold,Hold,Hold,615.0,615.0,615.0,Hold,Hold,Hold,615.0,615.0,615.0,Hold,Hold,Hold,,,,Hold,Hold,Hold,,,,Hold,Hold,,Hold,,,,,Hold,Hold,Hold,,,,Hold,Hold,Hold,,,,Hold,Hold,Hold
09/06/2024,615.0,615.0,615.0,615.0,615.0,615.0,Hold,Hold,Hold,615.0,615.0,615.0,Hold,Hold,Hold,615.0,615.0,615.0,Hold,Hold,Hold,615.0,615.0,615.0,Hold,Hold,Hold,615.0,615.0,615.0,Hold,Hold,Hold,,,,Hold,Hold,Hold,,,,Hold,Hold,,Hold,,,,,Hold,Hold,Hold,,,,Hold,Hold,Hold,,,,Hold,Hold,Hold
09/10/2024,615.0,615.0,615.0,615.0,615.0,615.0,Hold,Hold,Hold,615.0,615.0,615.0,Hold,Hold,Hold,615.0,615.0,615.0,Hold,Hold,Hold,615.0,615.0,615.0,Hold,Hold,Hold,615.0,615.0,615.0,Hold,Hold,Hold,,,,Hold,Hold,Hold,,,,Hold,Hold,,Hold,,,,,Hold,Hold,Hold,,,,Hold,Hold,Hold,,,,Hold,Hold,Hold
09/11/2024,615.0,615.0,615.0,615.0,615.0,615.0,Hold,Hold,Hold,615.0,615.0,615.0,Hold,Hold,Hold,615.0,615.0,615.0,Hold,Hold,Hold,615.0,615.0,615.0,Hold,Hold,Hold,615.0,615.0,615.0,Hold,Hold,Hold,,,,Hold,Hold,Hold,,,,Hold,Hold,,Hold,,,,,Hold,Hold,Hold,,,,Hold,Hold,Hold,,,,Hold,Hold,Hold
09/12/2024,615.0,615.0,615.0,615.0,615.0,615.0,Hold,Hold,Hold,615.0,615.0,615.0,Hold,Hold,Hold,615.0,615.0,615.0,Hold,Hold,Hold,615.0,615.0,615.0,Hold,Hold,Hold,615.0,615.0,615.0,Hold,Hold,Hold,,,,Hold,Hold,Hold,,,,Hold,Hold,,Hold,,,,,Hold,Hold,Hold,,,,Hold,Hold,Hold,,,,Hold,Hold,Hold
09/13/2024,615.0,615.0,615.0,615.0,615.0,615.0,Hold,Hold,Hold,615.0,615.0,615.0,Hold,Hold,Hold,615.0,615.0,615.0,Hold,Hold,Hold,615.0,615.0,615.0,Hold,Hold,Hold,615.0,615.0,615.0,Hold,Hold,Hold,,,,Hold,Hold,Hold,,,,Hold,Hold,,Hold,,,,,Hold,Hold,Hold,,,,Hold,Hold,Hold,,,,Hold,Hold,Hold
09/16/2024,615.0,615.0,615.0,615.0,615.0,615.0,Hold,Hold,Hold,615.0,615.0,615.0,Hold,Hold,Hold,615.0,615.0,615.0,Hold,Hold,Hold,615.0,615.0,615.0,Hold,Hold,Hold,615.0,615.0,615.0,Hold,Hold,Hold,,,,Hold,Hold,Hold,,,,Hold,Hold,,Hold,,,,,Hold,Hold,Hold,,,,Hold,Hold,Hold,,,,Hold,Hold,Hold
09/17/2024,615.0,615.0,615.0,615.0,615.0,615.0,Hold,Hold,Hold,615.0,615.0,615.0,Hold,Hold,Hold,615.0,615.0,615.0,Hold,Hold,Hold,615.0,615.0,615.0,Hold,Hold,Hold,615.0,615.0,615.0,Hold,Hold,Hold,,,,Hold,Hold,Hold,,,,Hold,Hold,,Hold,,,,,Hold,Hold,Hold,,,,Hold,Hold,Hold,,,,Hold,Hold,Hold
09/18/2024,615.0,615.0,615.0,615.0,615.0,615.0,Hold,Hold,Hold,615.0,615.0,615.0,Hold,Hold,Hold,615.0,615.0,615.0,Hold,Hold,Hold,615.0,615.0,615.0,Hold,Hold,Hold,615.0,615.0,615.0,Hold,Hold,Hold,,,,Hold,Hold,Hold,,,,Hold,Hold,,Hold,,,,,Hold,Hold,Hold,,,,Hold,Hold,Hold,,,,Hold,Hold,Hold
09/19/2024,615.0,615.0,615.0,615.0,615.0,615.0,Hold,Hold,Hold,615.0,615.0,615.0,Hold,Hold,Hold,615.0,615.0,615.0,Hold,Hold,Hold,615.0,615.0,615.0,Hold,Hold,Hold,615.0,615.0,615.0,Hold,Hold,Hold,,,,Hold,Hold,Hold,,,,Hold,Hold,,Hold,,,,,Hold,Hold,Hold,,,,Hold,Hold,Hold,,,,Hold,Hold,Hold
09/20/2024,615.0,615.0,615.0,615.0,615.0,615.0,Hold,Hold,Hold,615.0,615.0,615.0,Hold,Hold,Hold,615.0,615.0,615.0,Hold,Hold,Hold,615.0,615.0,615.0,Hold,Hold,Hold,615.0,615.0,615.0,Hold,Hold,Hold,,,,Hold,Hold,Hold,,,,Hold,Hold,,Hold,,,,,Hold,Hold,Hold,,,,Hold,Hold,Hold,,,,Hold,Hold,Hold
09/23/2024,615.0,615.0,615.0,615.0,615.0,615.0,Hold,Hold,Hold,615.0,615.0,615.0,Hold,Hold,Hold,615.0,615.0,615.0,Hold,Hold,Hold,615.0,615.0,615.0,Hold,Hold,Hold,615.0,615.0,615.0,Hold,Hold,Hold,,,,Hold,Hold,Hold,,,,Hold,Hold,,Hold,,,,,Hold,Hold,Hold,,,,Hold,Hold,Hold,,,,Hold,Hold,Hold
09/24/2024,615.0,615.0,615.0,615.0,615.0,615.0,Hold,Hold,Hold,615.0,615.0,615.0,Hold,Hold,Hold,615.0,615.0,615.0,Hold,Hold,Hold,615.0,615.0,615.0,Hold,Hold,Hold,615.0,615.0,615.0,Hold,Hold,Hold,,,,Hold,Hold,Hold,,,,Hold,Hold,,Hold,,,,,Hold,Hold,Hold,,,,Hold,Hold,Hold,,,,Hold,Hold,Hold
09/25/2024,615.0,615.0,615.0,615.0,615.0,615.0,Hold,Hold,Hold,615.0,615.0,615.0,Hold,Hold,Hold,615.0,615.0,615.0,Hold,Hold,Hold,615.0,615.0,615.0,Hold,Hold,Hold,615.0,615.0,615.0,Hold,Hold,Hold,,,,Hold,Hold,Hold,,,,Hold,Hold,,Hold,,,,,Hold,Hold,Hold,,,,Hold,Hold,Hold,,,,Hold,Hold,Hold
09/26/2024,615.0,615.0,615.0,615.0,615.0,615.0,Hold,Hold,Hold,615.0,615.0,615.0,Hold,Hold,Hold,615.0,615.0,615.0,Hold,Hold,Hold,615.0,615.0,615.0,Hold,Hold,Hold,615.0,615.0,615.0,Hold,Hold,Hold,,,,Hold,Hold,Hold,,,,Hold,Hold,,Hold,,,,,Hold,Hold,Hold,,,,Hold,Hold,Hold,,,,Hold,Hold,Hold
09/27/2024,615.0,615.0,615.0,615.0,615.0,615.0,Hold,Hold,Hold,615.0,615.0,615.0,Hold,Hold,Hold,615.0,615.0,615.0,Hold,Hold,Hold,615.0,615.0,615.0,Hold,Hold,Hold,615.0,615.0,615.0,Hold,Hold,Hold,,,,Hold,Hold,Hold,,,,Hold,Hold,,Hold,,,,,Hold,Hold,Hold,,,,Hold,Hold,Hold,,,,Hold,Hold,Hold
09/30/2024,615.0,615.0,615.0,615.0,615.0,615.0,Hold,Hold,Hold,615.0,615.0,615.0,Hold,Hold,Hold,615.0,615.0,615.0,Hold,Hold,Hold,615.0,615.0,615.0,Hold,Hold,Hold,615.0,615.0,615.0,Hold,Hold,Hold,,,,Hold,Hold,Hold,,,,Hold,Hold,,Hold,,,,,Hold,Hold,Hold,,,,Hold,Hold,Hold,,,,Hold,Hold,Hold
10/01/2024,615.0,615.0,615.0,615.0,615.0,615.0,Hold,Hold,Hold,615.0,615.0,615.0,Hold,Hold,Hold,615.0,615.0,615.0,Hold,Hold,Hold,615.0,615.0,615.0,Hold,Hold,Hold,615.0,615.0,615.0,Hold,Hold,Hold,,,,Hold,Hold,Hold,,,,Hold,Hold,,Hold,,,,,Hold,Hold,Hold,,,,Hold,Hold,Hold,,,,Hold,Hold,Hold
10/02/2024,615.0,615.0,615.0,615.0,615.0,615.0,Hold,Hold,Hold,615.0,615.0,615.0,Hold,Hold,Hold,615.0,615.0,615.0,Hold,Hold,Hold,615.0,615.0,615.0,Hold,Hold,Hold,615.0,615.0,615.0,Hold,Hold,Hold,,,,Hold,Hold,Hold,,,,Hold,Hold,,Hold,,,,,Hold,Hold,Hold,,,,Hold,Hold,Hold,,,,Hold,Hold,Hold
10/03/2024,615.0,615.0,615.0,615.0,615.0,615.0,Hold,Hold,Hold,615.0,615.0,615.0,Hold,Hold,Hold,615.0,615.0,615.0,Hold,Hold,Hold,615.0,615.0,615.0,Hold,Hold,Hold,615.0,615.0,615.0,Hold,Hold,Hold,,,,Hold,Hold,Hold,,,,Hold,Hold,,Hold,,,,,Hold,Hold,Hold,,,,Hold,Hold,Hold,,,,Hold,Hold,Hold
10/04/2024,615.0,615.0,615.0,615.0,615.0,615.0,Hold,Hold,Hold,615.0,615.0,615.0,Hold,Hold,Hold,615.0,615.0,615.0,Hold,Hold,Hold,615.0,615.0,615.0,Hold,Hold,Hold,615.0,615.0,615.0,Hold,Hold,Hold,,,,Hold,Hold,Hold,,,,Hold,Hold,,Hold,,,,,Hold,Hold,Hold,,,,Hold,Hold,Hold,,,,Hold,Hold,Hold
10/07/2024,615.0,615.0,615.0,615.0,615.0,615.0,Hold,Hold,Hold,615.0,615.0,615.0,Hold,Hold,Hold,615.0,615.0,615.0,Hold,Hold,Hold,615.0,615.0,615.0,Hold,Hold,Hold,615.0,615.0,615.0,Hold,Hold,Hold,,,,Hold,Hold,Hold,,,,Hold,Hold,,Hold,,,,,Hold,Hold,Hold,,,,Hold,Hold,Hold,,,,Hold,Hold,Hold
10/08/2024,615.0,615.0,615.0,615.0,615.0,615.0,Hold,Hold,Hold,615.0,615.0,615.0,Hold,Hold,Hold,615.0,615.0,615.0,Hold,Hold,Hold,615.0,615.0,615.0,Hold,Hold,Hold,615.0,615.0,615.0,Hold,Hold,Hold,,,,Hold,Hold,Hold,,,,Hold,Hold,,Hold,,,,,Hold,Hold,Hold,,,,Hold,Hold,Hold,,,,Hold,Hold,Hold
10/09/2024,615.0,615.0,615.0,615.0,615.0,615.0,Hold,Hold,Hold,615.0,615.0,615.0,Hold,Hold,Hold,615.0,615.0,615.0,Hold,Hold,Hold,615.0,615.0,615.0,Hold,Hold,Hold,615.0,615.0,615.0,Hold,Hold,Hold,,,,Hold,Hold,Hold,,,,Hold,Hold,,Hold,,,,,Hold,Hold,Hold,,,,Hold,Hold,Hold,,,,Hold,Hold,Hold
10/10/2024,615.0,615.0,615.0,615.0,615.0,615.0,Hold,Hold,Hold,615.0,615.0,615.0,Hold,Hold,Hold,615.0,615.0,615.0,Hold,Hold,Hold,615.0,615.0,615.0,Hold,Hold,Hold,615.0,615.0,615.0,Hold,Hold,Hold,,,,Hold,Hold,Hold,,,,Hold,Hold,,Hold,,,,,Hold,Hold,Hold,,,,Hold,Hold,Hold,,,,Hold,Hold,Hold
10/14/2024,615.0,615.0,615.0,615.0,615.0,615.0,Hold,Hold,Hold,615.0,615.0,615.0,Hold,Hold,Hold,615.0,615.0,615.0,Hold,Hold,Hold,615.0,615.0,615.0,Hold,Hold,Hold,615.0,615.0,615.0,Hold,Hold,Hold,,,,Hold,Hold,Hold,,,,Hold,Hold,,Hold,,,,,Hold,Hold,Hold,,,,Hold,Hold,Hold,,,,Hold,Hold,Hold
10/15/2024,615.0,615.0,615.0,615.0,615.0,615.0,Hold,Hold,Hold,615.0,615.0,615.0,Hold,Hold,Hold,615.0,615.0,615.0,Hold,Hold,Hold,615.0,615.0,615.0,Hold,Hold,Hold,615.0,615.0,615.0,Hold,Hold,Hold,,,,Hold,Hold,Hold,,,,Hold,Hold,,Hold,,,,,Hold,Hold,Hold,,,,Hold,Hold,Hold,,,,Hold,Hold,Hold
10/16/2024,615.0,615.0,615.0,615.0,615.0,615.0,Hold,Hold,Hold,615.0,615.0,615.0,Hold,Hold,Hold,615.0,615.0,615.0,Hold,Hold,Hold,615.0,615.0,615.0,Hold,Hold,Hold,615.0,615.0,615.0,Hold,Hold,Hold,,,,Hold,Hold,Hold,,,,Hold,Hold,,Hold,,,,,Hold,Hold,Hold,,,,Hold,Hold,Hold,,,,Hold,Hold,Hold
10/17/2024,615.0,615.0,615.0,615.0,615.0,615.0,Hold,Hold,Hold,615.0,615.0,615.0,Hold,Hold,Hold,615.0,615.0,615.0,Hold,Hold,Hold,615.0,615.0,615.0,Hold,Hold,Hold,615.0,615.0,615.0,Hold,Hold,Hold,,,,Hold,Hold,Hold,,,,Hold,Hold,,Hold,,,,,Hold,Hold,Hold,,,,Hold,Hold,Hold,,,,Hold,Hold,Hold
10/18/2024,615.0,615.0,615.0,615.0,615.0,615.0,Hold,Hold,Hold,615.0,615.0,615.0,Hold,Hold,Hold,615.0,615.0,615.0,Hold,Hold,Hold,615.0,615.0,615.0,Hold,Hold,Hold,615.0,615.0,615.0,Hold,Hold,Hold,,,,Hold,Hold,Hold,,,,Hold,Hold,,Hold,,,,,Hold,Hold,Hold,,,,Hold,Hold,Hold,,,,Hold,Hold,Hold
10/21/2024,615.0,615.0,615.0,615.0,615.0,615.0,Hold,Hold,Hold,615.0,615.0,615.0,Hold,Hold,Hold,615.0,615.0,615.0,Hold,Hold,Hold,615.0,615.0,615.0,Hold,Hold,Hold,615.0,615.0,615.0,Hold,Hold,Hold,,,,Hold,Hold,Hold,,,,Hold,Hold,,Hold,,,,,Hold,Hold,Hold,,,,Hold,Hold,Hold,,,,Hold,Hold,Hold
10/22/2024,615.0,615.0,615.0,615.0,615.0,615.0,Hold,Hold,Hold,615.0,615.0,615.0,Hold,Hold,Hold,615.0,615.0,615.0,Hold,Hold,Hold,615.0,615.0,615.0,Hold,Hold,Hold,615.0,615.0,615.0,Hold,Hold,Hold,,,,Hold,Hold,Hold,,,,Hold,Hold,,Hold,,,,,Hold,Hold,Hold,,,,Hold,Hold,Hold,,,,Hold,Hold,Hold
10/24/2024,615.0,615.0,615.0,615.0,615.0,615.0,Hold,Hold,Hold,615.0,615.0,615.0,Hold,Hold,Hold,615.0,615.0,615.0,Hold,Hold,Hold,615.0,615.0,615.0,Hold,Hold,Hold,615.0,615.0,615.0,Hold,Hold,Hold,,,,Hold,Hold,Hold,,,,Hold,Hold,,Hold,,,,,Hold,Hold,Hold,,,,Hold,Hold,Hold,,,,Hold,Hold,Hold
10/25/2024,615.0,615.0,615.0,615.0,615.0,615.0,Hold,Hold,Hold,615.0,615.0,615.0,Hold,Hold,Hold,615.0,615.0,615.0,Hold,Hold,Hold,615.0,615.0,615.0,Hold,Hold,Hold,615.0,615.0,615.0,Hold,Hold,Hold,,,,Hold,Hold,Hold,,,,Hold,Hold,,Hold,,,,,Hold,Hold,Hold,,,,Hold,Hold,Hold,,,,Hold,Hold,Hold
10/28/2024,615.0,615.0,615.0,615.0,615.0,615.0,Hold,Hold,Hold,615.0,615.0,615.0,Hold,Hold,Hold,615.0,615.0,615.0,Hold,Hold,Hold,615.0,615.0,615.0,Hold,Hold,Hold,615.0,615.0,615.0,Hold,Hold,Hold,,,,Hold,Hold,Hold,,,,Hold,Hold,,Hold,,,,,Hold,Hold,Hold,,,,Hold,Hold,Hold,,,,Hold,Hold,Hold
10/29/2024,615.0,615.0,615.0,615.0,615.0,615.0,Hold,Hold,Hold,615.0,615.0,615.0,Hold,Hold,Hold,615.0,615.0,615.0,Hold,Hold,Hold,615.0,615.0,615.0,Hold,Hold,Hold,615.0,615.0,615.0,Hold,Hold,Hold,,,,Hold,Hold,Hold,,,,Hold,Hold,,Hold,,,,,Hold,Hold,Hold,,,,Hold,Hold,Hold,,,,Hold,Hold,Hold
10/30/2024,615.0,615.0,615.0,615.0,615.0,615.0,Hold,Hold,Hold,615.0,615.0,615.0,Hold,Hold,Hold,615.0,615.0,615.0,Hold,Hold,Hold,615.0,615.0,615.0,Hold,Hold,Hold,615.0,615.0,615.0,Hold,Hold,Hold,,,,Hold,Hold,Hold,,,,Hold,Hold,,Hold,,,,,Hold,Hold,Hold,,,,Hold,Hold,Hold,,,,Hold,Hold,Hold
10/31/2024,615.0,615.0,615.0,615.0,615.0,615.0,Hold,Hold,Hold,615.0,615.0,615.0,Hold,Hold,Hold,615.0,615.0,615.0,Hold,Hold,Hold,615.0,615.0,615.0,Hold,Hold,Hold,615.0,615.0,615.0,Hold,Hold,Hold,,,,Hold,Hold,Hold,,,,Hold,Hold,,Hold,,,,,Hold,Hold,Hold,,,,Hold,Hold,Hold,,,,Hold,Hold,Hold
11/01/2024,615.0,615.0,615.0,615.0,615.0,615.0,Hold,Hold,Hold,615.0,615.0,615.0,Hold,Hold,Hold,615.0,615.0,615.0,Hold,Hold,Hold,615.0,615.0,615.0,Hold,Hold,Hold,615.0,615.0,615.0,Hold,Hold,Hold,,,,Hold,Hold,Hold,,,,Hold,Hold,,Hold,,,,,Hold,Hold,Hold,,,,Hold,Hold,Hold,,,,Hold,Hold,Hold
11/04/2024,615.0,615.0,615.0,615.0,615.0,615.0,Hold,Hold,Hold,615.0,615.0,615.0,Hold,Hold,Hold,615.0,615.0,615.0,Hold,Hold,Hold,615.0,615.0,615.0,Hold,Hold,Hold,615.0,615.0,615.0,Hold,Hold,Hold,,,,Hold,Hold,Hold,,,,Hold,Hold,,Hold,,,,,Hold,Hold,Hold,,,,Hold,Hold,Hold,,,,Hold,Hold,Hold
11/05/2024,615.0,615.0,615.0,615.0,615.0,615.0,Hold,Hold,Hold,615.0,615.0,615.0,Hold,Hold,Hold,615.0,615.0,615.0,Hold,Hold,Hold,615.0,615.0,615.0,Hold,Hold,Hold,615.0,615.0,615.0,Hold,Hold,Hold,,,,Hold,Hold,Hold,,,,Hold,Hold,,Hold,,,,,Hold,Hold,Hold,,,,Hold,Hold,Hold,,,,Hold,Hold,Hold
11/06/2024,615.0,615.0,615.0,615.0,615.0,615.0,Hold,Hold,Hold,615.0,615.0,615.0,Hold,Hold,Hold,615.0,615.0,615.0,Hold,Hold,Hold,615.0,615.0,615.0,Hold,Hold,Hold,615.0,615.0,615.0,Hold,Hold,Hold,,,,Hold,Hold,Hold,,,,Hold,Hold,,Hold,,,,,Hold,Hold,Hold,,,,Hold,Hold,Hold,,,,Hold,Hold,Hold
11/07/2024,615.0,615.0,615.0,615.0,615.0,615.0,Hold,Hold,Hold,615.0,615.0,615.0,Hold,Hold,Hold,615.0,615.0,615.0,Hold,Hold,Hold,615.0,615.0,615.0,Hold,Hold,Hold,615.0,615.0,615.0,Hold,Hold,Hold,,,,Hold,Hold,Hold,,,,Hold,Hold,,Hold,,,,,Hold,Hold,Hold,,,,Hold,Hold,Hold,,,,Hold,Hold,Hold
11/08/2024,615.0,615.0,615.0,615.0,615.0,615.0,Hold,Hold,Hold,615.0,615.0,615.0,Hold,Hold,Hold,615.0,615.0,615.0,Hold,Hold,Hold,615.0,615.0,615.0,Hold,Hold,Hold,615.0,615.0,615.0,Hold,Hold,Hold,,,,Hold,Hold,Hold,,,,Hold,Hold,,Hold,,,,,Hold,Hold,Hold,,,,Hold,Hold,Hold,,,,Hold,Hold,Hold
11/11/2024,615.0,615.0,615.0,615.0,615.0,615.0,Hold,Hold,Hold,615.0,615.0,615.0,Hold,Hold,Hold,615.0,615.0,615.0,Hold,Hold,Hold,615.0,615.0,615.0,Hold,Hold,Hold,615.0,615.0,615.0,Hold,Hold,Hold,,,,Hold,Hold,Hold,,,,Hold,Hold,,Hold,,,,,Hold,Hold,Hold,,,,Hold,Hold,Hold,,,,Hold,Hold,Hold
11/12/2024,615.0,615.0,615.0,615.0,615.0,615.0,Hold,Hold,Hold,615.0,615.0,615.0,Hold,Hold,Hold,615.0,615.0,615.0,Hold,Hold,Hold,615.0,615.0,615.0,Hold,Hold,Hold,615.0,615.0,615.0,Hold,Hold,Hold,,,,Hold,Hold,Hold,,,,Hold,Hold,,Hold,,,,,Hold,Hold,Hold,,,,Hold,Hold,Hold,,,,Hold,Hold,Hold
11/13/2024,615.0,615.0,615.0,615.0,615.0,615.0,Hold,Hold,Hold,615.0,615.0,615.0,Hold,Hold,Hold,615.0,615.0,615.0,Hold,Hold,Hold,615.0,615.0,615.0,Hold,Hold,Hold,615.0,615.0,615.0,Hold,Hold,Hold,,,,Hold,Hold,Hold,,,,Hold,Hold,,Hold,,,,,Hold,Hold,Hold,,,,Hold,Hold,Hold,,,,Hold,Hold,Hold
11/14/2024,615.0,615.0,615.0,615.0,615.0,615.0,Hold,Hold,Hold,615.0,615.0,615.0,Hold,Hold,Hold,615.0,615.0,615.0,Hold,Hold,Hold,615.0,615.0,615.0,Hold,Hold,Hold,615.0,615.0,615.0,Hold,Hold,Hold,,,,Hold,Hold,Hold,,,,Hold,Hold,,Hold,,,,,Hold,Hold,Hold,,,,Hold,Hold,Hold,,,,Hold,Hold,Hold
11/15/2024,615.0,615.0,615.0,615.0,615.0,615.0,Hold,Hold,Hold,615.0,615.0,615.0,Hold,Hold,Hold,615.0,615.0,615.0,Hold,Hold,Hold,615.0,615.0,615.0,Hold,Hold,Hold,615.0,615.0,615.0,Hold,Hold,Hold,,,,Hold,Hold,Hold,,,,Hold,Hold,,Hold,,,,,Hold,Hold,Hold,,,,Hold,Hold,Hold,,,,Hold,Hold,Hold
11/18/2024,615.0,615.0,615.0,615.0,615.0,615.0,Hold,Hold,Hold,615.0,615.0,615.0,Hold,Hold,Hold,615.0,615.0,615.0,Hold,Hold,Hold,615.0,615.0,615.0,Hold,Hold,Hold,615.0,615.0,615.0,Hold,Hold,Hold,,,,Hold,Hold,Hold,,,,Hold,Hold,,Hold,,,,,Hold,Hold,Hold,,,,Hold,Hold,Hold,,,,Hold,Hold,Hold
11/19/2024,615.0,615.0,615.0,615.0,615.0,615.0,Hold,Hold,Hold,615.0,615.0,615.0,Hold,Hold,Hold,615.0,615.0,615.0,Hold,Hold,Hold,615.0,615.0,615.0,Hold,Hold,Hold,615.0,615.0,615.0,Hold,Hold,Hold,,,,Hold,Hold,Hold,,,,Hold,Hold,,Hold,,,,,Hold,Hold,Hold,,,,Hold,Hold,Hold,,,,Hold,Hold,Hold
11/20/2024,615.0,615.0,615.0,615.0,615.0,615.0,Hold,Hold,Hold,615.0,615.0,615.0,Hold,Hold,Hold,615.0,615.0,615.0,Hold,Hold,Hold,615.0,615.0,615.0,Hold,Hold,Hold,615.0,615.0,615.0,Hold,Hold,Hold,,,,Hold,Hold,Hold,,,,Hold,Hold,,Hold,,,,,Hold,Hold,Hold,,,,Hold,Hold,Hold,,,,Hold,Hold,Hold
11/21/2024,615.0,615.0,615.0,615.0,615.0,615.0,Hold,Hold,Hold,615.0,615.0,615.0,Hold,Hold,Hold,615.0,615.0,615.0,Hold,Hold,Hold,615.0,615.0,615.0,Hold,Hold,Hold,615.0,615.0,615.0,Hold,Hold,Hold,,,,Hold,Hold,Hold,,,,Hold,Hold,,Hold,,,,,Hold,Hold,Hold,,,,Hold,Hold,Hold,,,,Hold,Hold,Hold
11/22/2024,615.0,615.0,615.0,615.0,615.0,615.0,Hold,Hold,Hold,615.0,615.0,615.0,Hold,Hold,Hold,615.0,615.0,615.0,Hold,Hold,Hold,615.0,615.0,615.0,Hold,Hold,Hold,615.0,615.0,615.0,Hold,Hold,Hold,,,,Hold,Hold,Hold,,,,Hold,Hold,,Hold,,,,,Hold,Hold,Hold,,,,Hold,Hold,Hold,,,,Hold,Hold,Hold
11/25/2024,615.0,615.0,615.0,615.0,615.0,615.0,Hold,Hold,Hold,615.0,615.0,615.0,Hold,Hold,Hold,615.0,615.0,615.0,Hold,Hold,Hold,615.0,615.0,615.0,Hold,Hold,Hold,615.0,615.0,615.0,Hold,Hold,Hold,,,,Hold,Hold,Hold,,,,Hold,Hold,,Hold,,,,,Hold,Hold,Hold,,,,Hold,Hold,Hold,,,,Hold,Hold,Hold
11/26/2024,615.0,615.0,615.0,615.0,615.0,615.0,Hold,Hold,Hold,615.0,615.0,615.0,Hold,Hold,Hold,615.0,615.0,615.0,Hold,Hold,Hold,615.0,615.0,615.0,Hold,Hold,Hold,615.0,615.0,615.0,Hold,Hold,Hold,,,,Hold,Hold,Hold,,,,Hold,Hold,,Hold,,,,,Hold,Hold,Hold,,,,Hold,Hold,Hold,,,,Hold,Hold,Hold
11/27/2024,615.0,615.0,615.0,615.0,615.0,615.0,Hold,Hold,Hold,615.0,615.0,615.0,Hold,Hold,Hold,615.0,615.0,615.0,Hold,Hold,Hold,615.0,615.0,615.0,Hold,Hold,Hold,615.0,615.0,615.0,Hold,Hold,Hold,,,,Hold,Hold,Hold,,,,Hold,Hold,,Hold,,,,,Hold,Hold,Hold,,,,Hold,Hold,Hold,,,,Hold,Hold,Hold
11/28/2024,615.0,615.0,615.0,615.0,615.0,615.0,Hold,Hold,Hold,615.0,615.0,615.0,Hold,Hold,Hold,615.0,615.0,615.0,Hold,Hold,Hold,615.0,615.0,615.0,Hold,Hold,Hold,615.0,615.0,615.0,Hold,Hold,Hold,,,,Hold,Hold,Hold,,,,Hold,Hold,,Hold,,,,,Hold,Hold,Hold,,,,Hold,Hold,Hold,,,,Hold,Hold,Hold
11/29/2024,615.0,615.0,615.0,615.0,615.0,615.0,Hold,Hold,Hold,615.0,615.0,615.0,Hold,Hold,Hold,615.0,615.0,615.0,Hold,Hold,Hold,615.0,615.0,615.0,Hold,Hold,Hold,615.0,615.0,615.0,Hold,Hold,Hold,,,,Hold,Hold,Hold,,,,Hold,Hold,,Hold,,,,,Hold,Hold,Hold,,,,Hold,Hold,Hold,,,,Hold,Hold,Hold
12/02/2024,615.0,615.0,615.0,615.0,615.0,615.0,Hold,Hold,Hold,615.0,615.0,615.0,Hold,Hold,Hold,615.0,615.0,615.0,Hold,Hold,Hold,615.0,615.0,615.0,Hold,Hold,Hold,615.0,615.0,615.0,Hold,Hold,Hold,,,,Hold,Hold,Hold,,,,Hold,Hold,,Hold,,,,,Hold,Hold,Hold,,,,Hold,Hold,Hold,,,,Hold,Hold,Hold
12/03/2024,615.0,615.0,615.0,615.0,615.0,615.0,Hold,Hold,Hold,615.0,615.0,615.0,Hold,Hold,Hold,615.0,615.0,615.0,Hold,Hold,Hold,615.0,615.0,615.0,Hold,Hold,Hold,615.0,615.0,615.0,Hold,Hold,Hold,,,,Hold,Hold,Hold,,,,Hold,Hold,,Hold,,,,,Hold,Hold,Hold,,,,Hold,Hold,Hold,,,,Hold,Hold,Hold
12/04/2024,615.0,615.0,615.0,615.0,615.0,615.0,Hold,Hold,Hold,615.0,615.0,615.0,Hold,Hold,Hold,615.0,615.0,615.0,Hold,Hold,Hold,615.0,615.0,615.0,Hold,Hold,Hold,615.0,615.0,615.0,Hold,Hold,Hold,,,,Hold,Hold,Hold,,,,Hold,Hold,,Hold,,,,,Hold,Hold,Hold,,,,Hold,Hold,Hold,,,,Hold,Hold,Hold
12/05/2024,615.0,615.0,615.0,615.0,615.0,615.0,Hold,Hold,Hold,615.0,615.0,615.0,Hold,Hold,Hold,615.0,615.0,615.0,Hold,Hold,Hold,615.0,615.0,615.0,Hold,Hold,Hold,615.0,615.0,615.0,Hold,Hold,Hold,,,,Hold,Hold,Hold,,,,Hold,Hold,,Hold,,,,,Hold,Hold,Hold,,,,Hold,Hold,Hold,,,,Hold,Hold,Hold
12/06/2024,615.0,615.0,615.0,615.0,615.0,615.0,Hold,Hold,Hold,615.0,615.0,615.0,Hold,Hold,Hold,615.0,615.0,615.0,Hold,Hold,Hold,615.0,615.0,615.0,Hold,Hold,Hold,615.0,615.0,615.0,Hold,Hold,Hold,,,,Hold,Hold,Hold,,,,Hold,Hold,,Hold,,,,,Hold,Hold,Hold,,,,Hold,Hold,Hold,,,,Hold,Hold,Hold
12/10/2024,615.0,615.0,615.0,615.0,615.0,615.0,Hold,Hold,Hold,615.0,615.0,615.0,Hold,Hold,Hold,615.0,615.0,615.0,Hold,Hold,Hold,615.0,615.0,615.0,Hold,Hold,Hold,615.0,615.0,615.0,Hold,Hold,Hold,,,,Hold,Hold,Hold,,,,Hold,Hold,,Hold,,,,,Hold,Hold,Hold,,,,Hold,Hold,Hold,,,,Hold,Hold,Hold
12/11/2024,615.0,615.0,615.0,615.0,615.0,615.0,Hold,Hold,Hold,615.0,615.0,615.0,Hold,Hold,Hold,615.0,615.0,615.0,Hold,Hold,Hold,615.0,615.0,615.0,Hold,Hold,Hold,615.0,615.0,615.0,Hold,Hold,Hold,,,,Hold,Hold,Hold,,,,Hold,Hold,,Hold,,,,,Hold,Hold,Hold,,,,Hold,Hold,Hold,,,,Hold,Hold,Hold
12/12/2024,615.0,615.0,615.0,615.0,615.0,615.0,Hold,Hold,Hold,615.0,615.0,615.0,Hold,Hold,Hold,615.0,615.0,615.0,Hold,Hold,Hold,615.0,615.0,615.0,Hold,Hold,Hold,615.0,615.0,615.0,Hold,Hold,Hold,,,,Hold,Hold,Hold,,,,Hold,Hold,,Hold,,,,,Hold,Hold,Hold,,,,Hold,Hold,Hold,,,,Hold,Hold,Hold
12/13/2024,615.0,615.0,615.0,615.0,615.0,615.0,Hold,Hold,Hold,615.0,615.0,615.0,Hold,Hold,Hold,615.0,615.0,615.0,Hold,Hold,Hold,615.0,615.0,615.0,Hold,Hold,Hold,615.0,615.0,615.0,Hold,Hold,Hold,,,,Hold,Hold,Hold,,,,Hold,Hold,,Hold,,,,,Hold,Hold,Hold,,,,Hold,Hold,Hold,,,,Hold,Hold,Hold
12/16/2024,615.0,615.0,615.0,615.0,615.0,615.0,Hold,Hold,Hold,615.0,615.0,615.0,Hold,Hold,Hold,615.0,615.0,615.0,Hold,Hold,Hold,615.0,615.0,615.0,Hold,Hold,Hold,615.0,615.0,615.0,Hold,Hold,Hold,,,,Hold,Hold,Hold,,,,Hold,Hold,,Hold,,,,,Hold,Hold,Hold,,,,Hold,Hold,Hold,,,,Hold,Hold,Hold
12/17/2024,615.0,615.0,615.0,615.0,615.0,615.0,Hold,Hold,Hold,615.0,615.0,615.0,Hold,Hold,Hold,615.0,615.0,615.0,Hold,Hold,Hold,615.0,615.0,615.0,Hold,Hold,Hold,615.0,615.0,615.0,Hold,Hold,Hold,,,,Hold,Hold,Hold,,,,Hold,Hold,,Hold,,,,,Hold,Hold,Hold,,,,Hold,Hold,Hold,,,,Hold,Hold,Hold
12/18/2024,615.0,615.0,615.0,615.0,615.0,615.0,Hold,Hold,Hold,615.0,615.0,615.0,Hold,Hold,Hold,615.0,615.0,615.0,Hold,Hold,Hold,615.0,615.0,615.0,Hold,Hold,Hold,615.0,615.0,615.0,Hold,Hold,Hold,,,,Hold,Hold,Hold,,,,Hold,Hold,,Hold,,,,,Hold,Hold,Hold,,,,Hold,Hold,Hold,,,,Hold,Hold,Hold
12/19/2024,615.0,615.0,615.0,615.0,615.0,615.0,Hold,Hold,Hold,615.0,615.0,615.0,Hold,Hold,Hold,615.0,615.0,615.0,Hold,Hold,Hold,615.0,615.0,615.0,Hold,Hold,Hold,615.0,615.0,615.0,Hold,Hold,Hold,,,,Hold,Hold,Hold,,,,Hold,Hold,,Hold,,,,,Hold,Hold,Hold,,,,Hold,Hold,Hold,,,,Hold,Hold,Hold
12/20/2024,615.0,615.0,615.0,615.0,615.0,615.0,Hold,Hold,Hold,615.0,615.0,615.0,Hold,Hold,Hold,615.0,615.0,615.0,Hold,Hold,Hold,615.0,615.0,615.0,Hold,Hold,Hold,615.0,615.0,615.0,Hold,Hold,Hold,,,,Hold,Hold,Hold,,,,Hold,Hold,,Hold,,,,,Hold,Hold,Hold,,,,Hold,Hold,Hold,,,,Hold,Hold,Hold
12/23/2024,615.0,615.0,615.0,615.0,615.0,615.0,Hold,Hold,Hold,615.0,615.0,615.0,Hold,Hold,Hold,615.0,615.0,615.0,Hold,Hold,Hold,615.0,615.0,615.0,Hold,Hold,Hold,615.0,615.0,615.0,Hold,Hold,Hold,,,,Hold,Hold,Hold,,,,Hold,Hold,,Hold,,,,,Hold,Hold,Hold,,,,Hold,Hold,Hold,,,,Hold,Hold,Hold
12/24/2024,615.0,615.0,615.0,615.0,615.0,615.0,Hold,Hold,Hold,615.0,615.0,615.0,Hold,Hold,Hold,615.0,615.0,615.0,Hold,Hold,Hold,615.0,615.0,615.0,Hold,Hold,Hold,615.0,615.0,615.0,Hold,Hold,Hold,,,,Hold,Hold,Hold,,,,Hold,Hold,,Hold,,,,,Hold,Hold,Hold,,,,Hold,Hold,Hold,,,,Hold,Hold,Hold
12/25/2024,615.0,615.0,615.0,615.0,615.0,615.0,Hold,Hold,Hold,615.0,615.0,615.0,Hold,Hold,Hold,615.0,615.0,615.0,Hold,Hold,Hold,615.0,615.0,615.0,Hold,Hold,Hold,615.0,615.0,615.0,Hold,Hold,Hold,,,,Hold,Hold,Hold,,,,Hold,Hold,,Hold,,,,,Hold,Hold,Hold,,,,Hold,Hold,Hold,,,,Hold,Hold,Hold
12/26/2024,615.0,615.0,615.0,615.0,615.0,615.0,Hold,Hold,Hold,615.0,615.0,615.0,Hold,Hold,Hold,615.0,615.0,615.0,Hold,Hold,Hold,615.0,615.0,615.0,Hold,Hold,Hold,615.0,615.0,615.0,Hold,Hold,Hold,,,,Hold,Hold,Hold,,,,Hold,Hold,,Hold,,,,,Hold,Hold,Hold,,,,Hold,Hold,Hold,,,,Hold,Hold,Hold
12/27/2024,615.0,615.0,615.0,615.0,615.0,615.0,Hold,Hold,Hold,615.0,615.0,615.0,Hold,Hold,Hold,615.0,615.0,615.0,Hold,Hold,Hold,615.0,615.0,615.0,Hold,Hold,Hold,615.0,615.0,615.0,Hold,Hold,Hold,,,,Hold,Hold,Hold,,,,Hold,Hold,,Hold,,,,,Hold,Hold,Hold,,,,Hold,Hold,Hold,,,,Hold,Hold,Hold
12/30/2024,615.0,615.0,615.0,615.0,615.0,615.0,Hold,Hold,Hold,615.0,615.0,615.0,Hold,Hold,Hold,615.0,615.0,615.0,Hold,Hold,Hold,615.0,615.0,615.0,Hold,Hold,Hold,615.0,615.0,615.0,Hold,Hold,Hold,,,,Hold,Hold,Hold,,,,Hold,Hold,,Hold,,,,,Hold,Hold,Hold,,,,Hold,Hold,Hold,,,,Hold,Hold,Hold
01/02/2025,615.0,615.0,615.0,615.0,615.0,615.0,Hold,Hold,Hold,615.0,615.0,615.0,Hold,Hold,Hold,615.0,615.0,615.0,Hold,Hold,Hold,615.0,615.0,615.0,Hold,Hold,Hold,615.0,615.0,615.0,Hold,Hold,Hold,,,,Hold,Hold,Hold,,,,Hold,Hold,,Hold,,,,,Hold,Hold,Hold,,,,Hold,Hold,Hold,,,,Hold,Hold,Hold
01/03/2025,615.0,615.0,615.0,615.0,615.0,615.0,Hold,Hold,Hold,615.0,615.0,615.0,Hold,Hold,Hold,615.0,615.0,615.0,Hold,Hold,Hold,615.0,615.0,615.0,Hold,Hold,Hold,615.0,615.0,615.0,Hold,Hold,Hold,,,,Hold,Hold,Hold,,,,Hold,Hold,,Hold,,,,,Hold,Hold,Hold,,,,Hold,Hold,Hold,,,,Hold,Hold,Hold
01/08/2025,615.0,615.0,615.0,615.0,615.0,615.0,Hold,Hold,Hold,615.0,615.0,615.0,Hold,Hold,Hold,615.0,615.0,615.0,Hold,Hold,Hold,615.0,615.0,615.0,Hold,Hold,Hold,615.0,615.0,615.0,Hold,Hold,Hold,,,,Hold,Hold,Hold,,,,Hold,Hold,,Hold,,,,,Hold,Hold,Hold,,,,Hold,Hold,Hold,,,,Hold,Hold,Hold
01/09/2025,615.0,615.0,615.0,615.0,615.0,615.0,Hold,Hold,Hold,615.0,615.0,615.0,Hold,Hold,Hold,615.0,615.0,615.0,Hold,Hold,Hold,615.0,615.0,615.0,Hold,Hold,Hold,615.0,615.0,615.0,Hold,Hold,Hold,,,,Hold,Hold,Hold,,,,Hold,Hold,,Hold,,,,,Hold,Hold,Hold,,,,Hold,Hold,Hold,,,,Hold,Hold,Hold
01/10/2025,615.0,615.0,615.0,615.0,615.0,615.0,Hold,Hold,Hold,615.0,615.0,615.0,Hold,Hold,Hold,615.0,615.0,615.0,Hold,Hold,Hold,615.0,615.0,615.0,Hold,Hold,Hold,615.0,615.0,615.0,Hold,Hold,Hold,,,,Hold,Hold,Hold,,,,Hold,Hold,,Hold,,,,,Hold,Hold,Hold,,,,Hold,Hold,Hold,,,,Hold,Hold,Hold
01/13/2025,615.0,615.0,615.0,615.0,615.0,615.0,Hold,Hold,Hold,615.0,615.0,615.0,Hold,Hold,Hold,615.0,615.0,615.0,Hold,Hold,Hold,615.0,615.0,615.0,Hold,Hold,Hold,615.0,615.0,615.0,Hold,Hold,Hold,,,,Hold,Hold,Hold,,,,Hold,Hold,,Hold,,,,,Hold,Hold,Hold,,,,Hold,Hold,Hold,,,,Hold,Hold,Hold
01/14/2025,615.0,615.0,615.0,615.0,615.0,615.0,Hold,Hold,Hold,615.0,615.0,615.0,Hold,Hold,Hold,615.0,615.0,615.0,Hold,Hold,Hold,615.0,615.0,615.0,Hold,Hold,Hold,615.0,615.0,615.0,Hold,Hold,Hold,,,,Hold,Hold,Hold,,,,Hold,Hold,,Hold,,,,,Hold,Hold,Hold,,,,Hold,Hold,Hold,,,,Hold,Hold,Hold
01/15/2025,615.0,615.0,615.0,615.0,615.0,615.0,Hold,Hold,Hold,615.0,615.0,615.0,Hold,Hold,Hold,615.0,615.0,615.0,Hold,Hold,Hold,615.0,615.0,615.0,Hold,Hold,Hold,615.0,615.0,615.0,Hold,Hold,Hold,,,,Hold,Hold,Hold,,,,Hold,Hold,,Hold,,,,,Hold,Hold,Hold,,,,Hold,Hold,Hold,,,,Hold,Hold,Hold
01/16/2025,615.0,615.0,615.0,615.0,615.0,615.0,Hold,Hold,Hold,615.0,615.0,615.0,Hold,Hold,Hold,615.0,615.0,615.0,Hold,Hold,Hold,615.0,615.0,615.0,Hold,Hold,Hold,615.0,615.0,615.0,Hold,Hold,Hold,,,,Hold,Hold,Hold,,,,Hold,Hold,,Hold,,,,,Hold,Hold,Hold,,,,Hold,Hold,Hold,,,,Hold,Hold,Hold
01/17/2025,615.0,615.0,615.0,615.0,615.0,615.0,Hold,Hold,Hold,615.0,615.0,615.0,Hold,Hold,Hold,615.0,615.0,615.0,Hold,Hold,Hold,615.0,615.0,615.0,Hold,Hold,Hold,615.0,615.0,615.0,Hold,Hold,Hold,,,,Hold,Hold,Hold,,,,Hold,Hold,,Hold,,,,,Hold,Hold,Hold,,,,Hold,Hold,Hold,,,,Hold,Hold,Hold
